,allocated,dispatched,difference_RT,difference_RT_perc
1,162840.6654,162840.6654,2.91038304567e-11,0.0
2,162840.6654,162840.6654,-2.91038304567e-11,0.0
3,162840.6654,162840.6654,-8.73114913702e-11,0.0
